China,Shanghai,Beijing,Guangzhou,Shenzhen,Wuhan,Chengdu,Dongguan,Tianjin,Nanjing,Hong Kong
India,Mumbai,Delhi,Bangalore,Hyderabad,Chennai,Kolkata,Surat,Pune,Jaipur,Lucknow
Indonesia,Jakarta,Surabaya,Bandung,Medan,Semarang,Makassar,Palembang,Depok,Tangerang,South Tangerang
Pakistan,Karachi,Lahore,Faisalabad,Rawalpindi,Multan,Hyderabad,Gujranwala,Peshawar,Quetta,Islamabad
Bangladesh,Dhaka,Chittagong,Khulna,Rajshahi,Sylhet,Mymensingh,Barisal,Rangpur,Comilla,Narayanganj
Japan,Tokyo,Yokohama,Osaka,Nagoya,Sapporo,Fukuoka,Kobe,Kyoto,Kawasaki,Saitama
Philippines,Manila,Quezon City,Davao City,Cebu City,Zamboanga City,Taguig,Caloocan,Antipolo,Pasig,Valenzuela
Vietnam,Ho Chi Minh City,Hanoi,Hai Phong,Can Tho,Da Nang,Bien Hoa,Hue,Nha Trang,Buon Ma Thuot,Vung Tau
Iran,Tehran,Mashhad,Isfahan,Karaj,Tabriz,Shiraz,Ahvaz,Qom,Kermanshah,Urmia
Turkey,Istanbul,Ankara,Ä°zmir,Bursa,Adana,Gaziantep,Konya,Antalya,Mersin,Kayseri
Thailand,Bangkok,Nonthaburi,Chiang Mai,Hat Yai,Udon Thani,Pak Kret,Nakhon Ratchasima,Chon Buri,Nakhon Si Thammarat,Nakhon Sawan
Myanmar,Yangon,Mandalay,Naypyidaw,Mawlamyine,Bago,Pakokku,Monywa,Sittwe,Taunggyi,Magway
South Korea,Seoul,Busan,Incheon,Daegu,Daejeon,Gwangju,Suwon,Ulsan,Changwon,Seongnam
Iraq,Baghdad,Mosul,Erbil,Kirkuk,Basra,Sulaymaniyah,Najaf,Karbala,Nasiriyah
Afghanistan,Kabul,Kandahar,Herat,Mazar-i-Sharif,Kunduz,Taloqan,Jalalabad,Puli Khumri,Khost,Ghazni
Saudi Arabia,Riyadh,Jeddah,Mecca,Medina,Dammam,Tabuk,Buraidah,Khamis Mushait,Ha'il,Hofuf
Uzbekistan,Tashkent,Andijan,Namangan,Samarkand,Fergana,Qarshi,Navoi,Termiz,Nukus,Kokand
Malaysia,Kuala Lumpur,George Town,Kuala Terengganu,Kota Bharu,Kota Kinabalu,Kuching,Miri,Alor Setar,Ipoh,Petaling Jaya
Yemen,Sanaa,Aden,Taiz,Hodeidah,Al-Mukalla,Ibb,Dhamar,Amran,Sa'dah,Zinjibar
Nepal,Kathmandu,Pokhara, Lalitpur, Biratnagar, Bharatpur, Birgunj, Butwal, Dharan, Janakpur, Hetauda
North Korea,Pyongyang,Hamhung,Chongjin,Nampo,Wonsan,Sariwon,Sinuiju,Kaesong,Kanggye,Haeju
