United States,New York City,Phoenix,Los Angeles,Philadelphia,Jersey City,Milwaukee,Tampa,Boston,Chicago,O Block
Canada,Quebec City,Vancouver,Ottawa,Edmonton,Winnipeg,Toronto,St. John's,Hamilton,Surrey,Red Deer
Mexico,Mexico City,Oaxaca,Cancun,Guadalajara,Tijuana,Ciudad Juarez,Merida,Zapopan,Saltillo,Uruapan
Greenland,Nuuk,Aasiaat,Ilulissat,Ittoqqortoormiit,Paamiut,Sisimiut,Uummannaq,Narsaq,Qaanaaq,Qassimiut
Jamaica,Montego Bay,Port Antonio,Portmore,Mandeville,May Pen,Savanna la Mar,Falmouth,Lucea,Linstead,Morant Bay
Cuba,Havana,Santa Clara,Camaguey,Cienfuegos,Las Tunas,Pinar del Rio,Ciego De Avila,Artemisa,Guantanamo,Nuevitas
Haiti,Port-de-Paix,Les Cayes,Jeremie,Cap-Haitien,Gonaives,Saint-Marc,Jacmel,Delmas,Petit Goave,Miragoane
Panama,Panama City,Chitre,Tocumen,David,Ancon,Colon,Cativa,Penonome,Panama City,Tocumen
Costa Rica,San Jose,Limon,Liberia,Puntarenas,Turrialba,Cartago,Golfito,Quesada,Quepos,Atenas
Dominican Republic,Santo Domingo,La Romana,Puerto Plata,Higuey,Barahone,La Vega,Bonao,Bani,Tamboril,Punta Cana
Guatemala,Guatemalal City,Quetzaltenango,Chichicastenango,Jalapa,Solola,Flores,Coban,Zacapa,Mixco,Guatemala City
Puerto Rico,San Juan,Ponce,Bayamon,Aguadilla,Carolina,Vega Baja,Arecibo,Guaynabo,Farjado,Lajas
Honduras,San Pedro Sula,La Ceiba,Choluteca,Choloma,Tegucigalpa,Juticalpa,Tegucigalpa,Choluteca,San Pedro Sula,Puerto Cortes
El Salvador,San Salvador,Santa Ana,La Union,Metapan,Antiguo Cuscatlan,Delgado,Apopa,Santa Ana,San Salvador,Usulutan
Nicaragua,Leon,Managua,Chinadega,Granada,Esteli,Tipitapa,El Viejo,Bluefields,Nagarote,Boaco
Belize,Belize City,Orange Walk,Belmopan,Corozal,San Pedro,Belize City,Orange Walk,Placencia,Roaring Creek,Valley of Peace
Saint Martin,Marigot,Philipsburg,Simpson Bay,Grand Case,Marigot,Marigot,Philipsburg,Oyster Pond,Grand Case,Simpson Bay
The Bahamas,Coopers Town,Clarence Town,Freeport,Marsh Harbour,Alice Town,Freeport,Freeport,Freeport,George Town,Marsh Harbour
Turks and Caicos Islands,Cockburn Town,Cockburn Harbour,Cockburn Town,Cockburn Harbour,Cockburn Town,Cockburn Harbour,Cockburn Town,Cockburn Harbour,Cockburn Town,Cockburn Harbour
Barbados,Bridgetown,Speightstown,Oistins,Holetown,Bathsheba,Bridgetown,Speightstown,Bridgetown,Speightstown,Holetown
Guadelope,Sainte-Rose,Capesterre-Belle-Eau,Pointe-a-Pitre,Saint-Francois,Le Gosier,Baie Mahault,Les Abymes,Lamentin,Vieux-Habitants,Lamentin
Cayman Islands,George Town,West Bay,George Town,West Bay,George Town,West Bay,George Town,West Bay,George Town,West Bay
Saint Lucia,Castries,Vieux Fort,Castries,Soufriere,Dennery,Anse La Raye,Laborie,Laborie,Castries,Laborie
Grenada,Saint George's,Gouyave,Saint Davids,Saint George's,Saint Davids,Saint George's,Saint George's,Saint George's,Saint George's,Saint George's
Dominica,Portsmouth,Berekua,Saint Joesph,Gallion,Campbell,Portsmouth,Portsmouth,Portsmouth,Portsmouth,Portsmouth